{"elements":[{"from":[7.8367343,7.9183674,0.4897952],"to":[8.489796,8.571428,8.244898],"rotation":{"angle":0.0,"axis":"y","origin":[7.8367343,7.9183674,5.714286]},"faces":{"south":{"uv":[11.75,6.125,12.0,6.375],"rotation":0,"texture":"#0","tintindex":0},"north":{"uv":[11.75,5.75,12.0,6.0],"rotation":0,"texture":"#0","tintindex":0},"down":{"uv":[2.625,6.0,2.375,8.75],"rotation":0,"texture":"#0","tintindex":0},"east":{"uv":[6.25,0.875,9.0,1.125],"rotation":0,"texture":"#0","tintindex":0},"west":{"uv":[6.25,1.25,9.0,1.5],"rotation":0,"texture":"#0","tintindex":0},"up":{"uv":[2.25,8.75,2.0,6.0],"rotation":0,"texture":"#0","tintindex":0}}},{"from":[8.0,8.571428,0.81632566],"to":[8.32653,9.22449,3.0204077],"rotation":{"angle":0.0,"axis":"y","origin":[8.0,8.571428,6.040816]},"faces":{"south":{"uv":[12.0,1.125,12.125,1.375],"rotation":0,"texture":"#0","tintindex":0},"north":{"uv":[12.0,0.75,12.125,1.0],"rotation":0,"texture":"#0","tintindex":0},"down":{"uv":[11.625,6.25,11.5,6.875],"rotation":0,"texture":"#0","tintindex":0},"east":{"uv":[10.375,8.625,11.0,8.875],"rotation":0,"texture":"#0","tintindex":0},"west":{"uv":[10.5,7.125,11.125,7.375],"rotation":0,"texture":"#0","tintindex":0},"up":{"uv":[5.25,12.125,5.125,11.5],"rotation":0,"texture":"#0","tintindex":0}}},{"from":[8.0,9.22449,1.1428561],"to":[8.32653,9.877551,2.6938767],"rotation":{"angle":0.0,"axis":"y","origin":[8.0,9.22449,5.3877554]},"faces":{"south":{"uv":[1.875,12.0,2.0,12.25],"rotation":0,"texture":"#0","tintindex":0},"north":{"uv":[12.0,1.5,12.125,1.75],"rotation":0,"texture":"#0","tintindex":0},"down":{"uv":[11.125,6.625,11.0,7.0],"rotation":0,"texture":"#0","tintindex":0},"east":{"uv":[11.25,7.75,11.625,8.0],"rotation":0,"texture":"#0","tintindex":0},"west":{"uv":[11.25,9.625,11.625,9.875],"rotation":0,"texture":"#0","tintindex":0},"up":{"uv":[3.375,9.875,3.25,9.5],"rotation":0,"texture":"#0","tintindex":0}}},{"from":[8.0,7.265306,0.81632566],"to":[8.32653,7.9183674,3.0204077],"rotation":{"angle":0.0,"axis":"y","origin":[8.0,6.938776,6.040816]},"faces":{"south":{"uv":[2.125,12.0,2.25,12.25],"rotation":0,"texture":"#0","tintindex":0},"north":{"uv":[12.0,1.875,12.125,2.125],"rotation":0,"texture":"#0","tintindex":0},"down":{"uv":[8.875,11.5,8.75,12.125],"rotation":0,"texture":"#0","tintindex":0},"east":{"uv":[7.625,10.5,8.25,10.75],"rotation":0,"texture":"#0","tintindex":0},"west":{"uv":[10.5,9.625,11.125,9.875],"rotation":0,"texture":"#0","tintindex":0},"up":{"uv":[7.625,12.125,7.5,11.5],"rotation":0,"texture":"#0","tintindex":0}}},{"from":[8.0,6.285714,0.4897952],"to":[8.32653,7.265306,3.3469381],"rotation":{"angle":0.0,"axis":"y","origin":[8.0,6.285714,5.714286]},"faces":{"south":{"uv":[5.375,11.875,5.5,12.25],"rotation":0,"texture":"#0","tintindex":0},"north":{"uv":[1.125,11.875,1.25,12.25],"rotation":0,"texture":"#0","tintindex":0},"down":{"uv":[11.375,6.25,11.25,7.125],"rotation":0,"texture":"#0","tintindex":0},"east":{"uv":[2.75,8.5,3.625,8.875],"rotation":0,"texture":"#0","tintindex":0},"west":{"uv":[3.75,8.5,4.625,8.875],"rotation":0,"texture":"#0","tintindex":0},"up":{"uv":[1.25,3.625,1.125,2.75],"rotation":0,"texture":"#0","tintindex":0}}}],"textures":{"0":"modelengine:entity/dwarf_2"},"display":{"head":{"translation":[0.0,-6.4,0.0],"scale":[4.0,4.0,4.0]}}}