{"elements":[{"from":[6.2040815,7.102041,6.7755103],"to":[8.408163,9.306123,9.306123],"rotation":{"angle":0.0,"axis":"y","origin":[7.755102,7.6734695,6.7755103]},"faces":{"south":{"uv":[5.125,7.5,5.75,8.125],"rotation":0,"texture":"#0","tintindex":0},"north":{"uv":[0.75,7.5,1.375,8.125],"rotation":0,"texture":"#0","tintindex":0},"down":{"uv":[7.75,6.875,7.125,7.625],"rotation":0,"texture":"#0","tintindex":0},"east":{"uv":[7.0,4.5,7.75,5.125],"rotation":0,"texture":"#0","tintindex":0},"west":{"uv":[7.0,5.25,7.75,5.875],"rotation":0,"texture":"#0","tintindex":0},"up":{"uv":[7.75,6.75,7.125,6.0],"rotation":0,"texture":"#0","tintindex":0}}},{"from":[6.367347,3.7551017,6.857143],"to":[8.571429,5.55102,9.061225],"rotation":{"angle":0.0,"axis":"y","origin":[7.9183674,5.142857,7.183674]},"faces":{"south":{"uv":[6.875,10.375,7.5,10.625],"rotation":0,"texture":"#0","tintindex":0},"north":{"uv":[10.25,4.875,10.875,5.125],"rotation":0,"texture":"#0","tintindex":0},"down":{"uv":[8.0,7.75,7.375,8.375],"rotation":0,"texture":"#0","tintindex":0},"east":{"uv":[9.875,10.25,10.5,10.5],"rotation":0,"texture":"#0","tintindex":0},"west":{"uv":[10.375,8.25,11.0,8.5],"rotation":0,"texture":"#0","tintindex":0},"up":{"uv":[7.25,8.375,6.625,7.75],"rotation":0,"texture":"#0","tintindex":0}}},{"from":[6.530612,2.204081,7.0204086],"to":[8.408163,4.0816326,8.89796],"rotation":{"angle":0.0,"axis":"y","origin":[7.755102,3.5918365,7.0204086]},"faces":{"south":{"uv":[9.125,1.5,9.625,2.0],"rotation":0,"texture":"#0","tintindex":0},"north":{"uv":[9.125,0.875,9.625,1.375],"rotation":0,"texture":"#0","tintindex":0},"down":{"uv":[9.75,4.875,9.25,5.375],"rotation":0,"texture":"#0","tintindex":0},"east":{"uv":[1.0,9.125,1.5,9.625],"rotation":0,"texture":"#0","tintindex":0},"west":{"uv":[9.25,4.25,9.75,4.75],"rotation":0,"texture":"#0","tintindex":0},"up":{"uv":[5.125,9.75,4.625,9.25],"rotation":0,"texture":"#0","tintindex":0}}},{"from":[6.530612,5.55102,7.0204086],"to":[8.408163,7.102041,8.89796],"rotation":{"angle":0.0,"axis":"y","origin":[7.755102,6.367347,7.0204086]},"faces":{"south":{"uv":[9.875,9.75,10.375,10.125],"rotation":0,"texture":"#0","tintindex":0},"north":{"uv":[7.25,9.875,7.75,10.25],"rotation":0,"texture":"#0","tintindex":0},"down":{"uv":[9.75,5.5,9.25,6.0],"rotation":0,"texture":"#0","tintindex":0},"east":{"uv":[9.875,7.25,10.375,7.625],"rotation":0,"texture":"#0","tintindex":0},"west":{"uv":[3.25,10.0,3.75,10.375],"rotation":0,"texture":"#0","tintindex":0},"up":{"uv":[5.75,9.75,5.25,9.25],"rotation":0,"texture":"#0","tintindex":0}}},{"from":[6.2040815,3.1020408,6.7755103],"to":[8.081633,3.7551017,8.653061],"rotation":{"angle":0.0,"axis":"y","origin":[7.428571,4.5714283,7.428571]},"faces":{"south":{"uv":[10.875,10.375,11.375,10.625],"rotation":0,"texture":"#0","tintindex":0},"north":{"uv":[7.875,10.875,8.375,11.125],"rotation":0,"texture":"#0","tintindex":0},"down":{"uv":[8.375,9.375,7.875,9.875],"rotation":0,"texture":"#0","tintindex":0},"east":{"uv":[10.875,10.0,11.375,10.25],"rotation":0,"texture":"#0","tintindex":0},"west":{"uv":[10.875,10.75,11.375,11.0],"rotation":0,"texture":"#0","tintindex":0},"up":{"uv":[4.0,9.875,3.5,9.375],"rotation":0,"texture":"#0","tintindex":0}}}],"textures":{"0":"modelengine:entity/dwarf_2"},"display":{"head":{"translation":[0.0,-6.4,0.0],"scale":[4.0,4.0,4.0]}}}