{"elements":[{"from":[6.0736,6.0736,5.578234],"to":[8.825594,6.624,5.578234],"rotation":{"angle":0.0,"axis":"y","origin":[8.825594,8.0,8.055035]},"faces":{"south":{"uv":[12.25,2.25,13.5,2.5],"rotation":0,"texture":"#0","tintindex":0},"north":{"uv":[11.0,2.25,12.25,2.5],"rotation":0,"texture":"#0","tintindex":0},"down":{"uv":[13.5,2.25,12.25,2.25],"rotation":0,"texture":"#0","tintindex":0},"east":{"uv":[11.0,2.25,11.0,2.5],"rotation":0,"texture":"#0","tintindex":0},"west":{"uv":[12.25,2.25,12.25,2.5],"rotation":0,"texture":"#0","tintindex":0},"up":{"uv":[12.25,2.25,11.0,2.25],"rotation":0,"texture":"#0","tintindex":0}}},{"from":[6.348794,4.17472,5.85344],"to":[11.8528,8.57792,10.807046],"rotation":{"angle":0.0,"axis":"y","origin":[8.5504,8.02752,8.055035]},"faces":{"south":{"uv":[13.5,14.0,16.0,16.0],"rotation":0,"texture":"#0","tintindex":0},"north":{"uv":[8.75,14.0,11.25,16.0],"rotation":0,"texture":"#0","tintindex":0},"down":{"uv":[13.75,11.75,11.25,14.0],"rotation":0,"texture":"#0","tintindex":0},"east":{"uv":[6.5,14.0,8.75,16.0],"rotation":0,"texture":"#0","tintindex":0},"west":{"uv":[11.25,14.0,13.5,16.0],"rotation":0,"texture":"#0","tintindex":0},"up":{"uv":[11.25,14.0,8.75,11.75],"rotation":0,"texture":"#0","tintindex":0}}},{"from":[7.724806,0.45951986,6.9542456],"to":[10.4768,3.76192,9.70624],"rotation":{"angle":0.0,"axis":"y","origin":[9.376,8.715526,8.330246]},"faces":{"south":{"uv":[11.25,8.0,12.5,9.5],"rotation":0,"texture":"#0","tintindex":0},"north":{"uv":[8.75,8.0,10.0,9.5],"rotation":0,"texture":"#0","tintindex":0},"down":{"uv":[11.25,6.75,10.0,8.0],"rotation":0,"texture":"#0","tintindex":0},"east":{"uv":[7.5,8.0,8.75,9.5],"rotation":0,"texture":"#0","tintindex":0},"west":{"uv":[10.0,8.0,11.25,9.5],"rotation":0,"texture":"#0","tintindex":0},"up":{"uv":[10.0,8.0,8.75,6.75],"rotation":0,"texture":"#0","tintindex":0}}},{"from":[4.9727945,7.06432,7.5046344],"to":[6.624,7.61472,8.60544],"rotation":{"angle":0.0,"axis":"y","origin":[5.5232,6.513914,8.055035]},"faces":{"south":{"uv":[11.75,11.25,12.5,11.5],"rotation":0,"texture":"#0","tintindex":0},"north":{"uv":[10.5,11.25,11.25,11.5],"rotation":0,"texture":"#0","tintindex":0},"down":{"uv":[12.0,10.75,11.25,11.25],"rotation":0,"texture":"#0","tintindex":0},"east":{"uv":[10.0,11.25,10.5,11.5],"rotation":0,"texture":"#0","tintindex":0},"west":{"uv":[11.25,11.25,11.75,11.5],"rotation":0,"texture":"#0","tintindex":0},"up":{"uv":[11.25,11.25,10.5,10.75],"rotation":0,"texture":"#0","tintindex":0}}},{"from":[8.275194,3.2115197,7.5046344],"to":[9.9264,4.8627253,9.15584],"rotation":{"angle":0.0,"axis":"y","origin":[9.100805,3.76192,8.330246]},"faces":{"south":{"uv":[4.25,10.25,5.0,11.0],"rotation":0,"texture":"#0","tintindex":0},"north":{"uv":[2.75,10.25,3.5,11.0],"rotation":0,"texture":"#0","tintindex":0},"down":{"uv":[4.25,9.5,3.5,10.25],"rotation":0,"texture":"#0","tintindex":0},"east":{"uv":[2.0,10.25,2.75,11.0],"rotation":0,"texture":"#0","tintindex":0},"west":{"uv":[3.5,10.25,4.25,11.0],"rotation":0,"texture":"#0","tintindex":0},"up":{"uv":[3.5,10.25,2.75,9.5],"rotation":0,"texture":"#0","tintindex":0}}},{"from":[4.9727945,5.9635143,7.5046344],"to":[5.5232,7.06432,8.60544],"rotation":{"angle":0.0,"axis":"y","origin":[6.0736,6.513914,8.055035]},"faces":{"south":{"uv":[12.25,3.25,12.5,3.75],"rotation":0,"texture":"#0","tintindex":0},"north":{"uv":[11.5,3.25,11.75,3.75],"rotation":0,"texture":"#0","tintindex":0},"down":{"uv":[12.0,2.75,11.75,3.25],"rotation":0,"texture":"#0","tintindex":0},"east":{"uv":[11.0,3.25,11.5,3.75],"rotation":0,"texture":"#0","tintindex":0},"west":{"uv":[11.75,3.25,12.25,3.75],"rotation":0,"texture":"#0","tintindex":0},"up":{"uv":[11.75,3.25,11.5,2.75],"rotation":0,"texture":"#0","tintindex":0}}},{"from":[4.9727945,5.4131255,7.5046344],"to":[6.624,5.9635143,8.60544],"rotation":{"angle":0.0,"axis":"y","origin":[5.5232,5.4131255,8.055035]},"faces":{"south":{"uv":[3.75,11.5,4.5,11.75],"rotation":0,"texture":"#0","tintindex":0},"north":{"uv":[2.5,11.5,3.25,11.75],"rotation":0,"texture":"#0","tintindex":0},"down":{"uv":[4.0,11.0,3.25,11.5],"rotation":0,"texture":"#0","tintindex":0},"east":{"uv":[2.0,11.5,2.5,11.75],"rotation":0,"texture":"#0","tintindex":0},"west":{"uv":[3.25,11.5,3.75,11.75],"rotation":0,"texture":"#0","tintindex":0},"up":{"uv":[3.25,11.5,2.5,11.0],"rotation":0,"texture":"#0","tintindex":0}}},{"from":[6.8991942,-3.393281,6.67904],"to":[11.302401,-1.7420864,10.53184],"rotation":{"angle":0.0,"axis":"y","origin":[9.100805,3.76192,8.330246]},"faces":{"south":{"uv":[5.5,8.5,7.5,9.25],"rotation":0,"texture":"#0","tintindex":0},"north":{"uv":[1.75,8.5,3.75,9.25],"rotation":0,"texture":"#0","tintindex":0},"down":{"uv":[5.75,6.75,3.75,8.5],"rotation":0,"texture":"#0","tintindex":0},"east":{"uv":[0.0,8.5,1.75,9.25],"rotation":0,"texture":"#0","tintindex":0},"west":{"uv":[3.75,8.5,5.5,9.25],"rotation":0,"texture":"#0","tintindex":0},"up":{"uv":[3.75,8.5,1.75,6.75],"rotation":0,"texture":"#0","tintindex":0}}},{"from":[7.3582115,1.4877486,6.21724],"to":[9.009406,3.1389427,7.86844],"rotation":{"angle":0.0,"axis":"y","origin":[9.100805,2.0381484,7.1997943]},"faces":{"south":{"uv":[7.25,10.25,8.0,11.0],"rotation":0,"texture":"#0","tintindex":0},"north":{"uv":[5.75,10.25,6.5,11.0],"rotation":0,"texture":"#0","tintindex":0},"down":{"uv":[7.25,9.5,6.5,10.25],"rotation":0,"texture":"#0","tintindex":0},"east":{"uv":[5.0,10.25,5.75,11.0],"rotation":0,"texture":"#0","tintindex":0},"west":{"uv":[6.5,10.25,7.25,11.0],"rotation":0,"texture":"#0","tintindex":0},"up":{"uv":[6.5,10.25,5.75,9.5],"rotation":0,"texture":"#0","tintindex":0}}},{"from":[6.7616057,7.135457,7.5046344],"to":[7.8623943,10.285257,8.60544],"rotation":{"angle":0.0,"axis":"y","origin":[7.311994,8.786652,8.055035]},"faces":{"south":{"uv":[9.5,10.0,10.0,11.75],"rotation":0,"texture":"#0","tintindex":0},"north":{"uv":[8.5,10.0,9.0,11.75],"rotation":0,"texture":"#0","tintindex":0},"down":{"uv":[9.5,9.5,9.0,10.0],"rotation":0,"texture":"#0","tintindex":0},"east":{"uv":[8.0,10.0,8.5,11.75],"rotation":0,"texture":"#0","tintindex":0},"west":{"uv":[9.0,10.0,9.5,11.75],"rotation":0,"texture":"#0","tintindex":0},"up":{"uv":[9.0,10.0,8.5,9.5],"rotation":0,"texture":"#0","tintindex":0}}},{"from":[8.825594,5.27552,5.6883197],"to":[9.376,5.825926,6.23872],"rotation":{"angle":0.0,"axis":"y","origin":[9.100805,6.10112,5.6883197]},"faces":{"south":{"uv":[11.75,4.5,12.0,4.75],"rotation":0,"texture":"#0","tintindex":0},"north":{"uv":[11.25,4.5,11.5,4.75],"rotation":0,"texture":"#0","tintindex":0},"down":{"uv":[11.75,4.25,11.5,4.5],"rotation":0,"texture":"#0","tintindex":0},"east":{"uv":[11.0,4.5,11.25,4.75],"rotation":0,"texture":"#0","tintindex":0},"west":{"uv":[11.5,4.5,11.75,4.75],"rotation":0,"texture":"#0","tintindex":0},"up":{"uv":[11.5,4.5,11.25,4.25],"rotation":0,"texture":"#0","tintindex":0}}},{"from":[8.0,4.615034,5.743354],"to":[10.201594,5.165434,5.743354],"rotation":{"angle":0.0,"axis":"y","origin":[8.825594,8.275194,7.944966]},"faces":{"south":{"uv":[12.0,3.75,13.0,4.0],"rotation":0,"texture":"#0","tintindex":0},"north":{"uv":[11.0,3.75,12.0,4.0],"rotation":0,"texture":"#0","tintindex":0},"down":{"uv":[13.0,3.75,12.0,3.75],"rotation":0,"texture":"#0","tintindex":0},"east":{"uv":[11.0,3.75,11.0,4.0],"rotation":0,"texture":"#0","tintindex":0},"west":{"uv":[12.0,3.75,12.0,4.0],"rotation":0,"texture":"#0","tintindex":0},"up":{"uv":[12.0,3.75,11.0,3.75],"rotation":0,"texture":"#0","tintindex":0}}},{"from":[6.624,-3.647458,6.403846],"to":[11.577606,-1.9962521,10.807046],"rotation":{"angle":0.0,"axis":"y","origin":[9.100805,4.3333483,8.330246]},"faces":{"south":{"uv":[6.25,6.0,8.5,6.75],"rotation":0,"texture":"#0","tintindex":0},"north":{"uv":[2.0,6.0,4.25,6.75],"rotation":0,"texture":"#0","tintindex":0},"down":{"uv":[6.5,4.0,4.25,6.0],"rotation":0,"texture":"#0","tintindex":0},"east":{"uv":[0.0,6.0,2.0,6.75],"rotation":0,"texture":"#0","tintindex":0},"west":{"uv":[4.25,6.0,6.25,6.75],"rotation":0,"texture":"#0","tintindex":0},"up":{"uv":[4.25,6.0,2.0,4.0],"rotation":0,"texture":"#0","tintindex":0}}},{"from":[7.4496,5.1104,5.71584],"to":[8.5504,6.2112055,5.71584],"rotation":{"angle":0.0,"axis":"y","origin":[7.724806,5.7984056,5.71584]},"faces":{"south":{"uv":[5.0,11.0,5.5,11.5],"rotation":0,"texture":"#0","tintindex":0},"north":{"uv":[4.5,11.0,5.0,11.5],"rotation":0,"texture":"#0","tintindex":0},"down":{"uv":[5.5,11.0,5.0,11.0],"rotation":0,"texture":"#0","tintindex":0},"east":{"uv":[4.5,11.0,4.5,11.5],"rotation":0,"texture":"#0","tintindex":0},"west":{"uv":[5.0,11.0,5.0,11.5],"rotation":0,"texture":"#0","tintindex":0},"up":{"uv":[5.0,11.0,4.5,11.0],"rotation":0,"texture":"#0","tintindex":0}}},{"from":[8.0,-2.2924862,7.5046344],"to":[10.201594,0.45951986,9.70624],"rotation":{"angle":0.0,"axis":"y","origin":[9.376,8.715526,8.330246]},"faces":{"south":{"uv":[11.5,1.0,12.5,2.25],"rotation":0,"texture":"#0","tintindex":0},"north":{"uv":[9.5,1.0,10.5,2.25],"rotation":0,"texture":"#0","tintindex":0},"down":{"uv":[11.5,0.0,10.5,1.0],"rotation":0,"texture":"#0","tintindex":0},"east":{"uv":[8.5,1.0,9.5,2.25],"rotation":0,"texture":"#0","tintindex":0},"west":{"uv":[10.5,1.0,11.5,2.25],"rotation":0,"texture":"#0","tintindex":0},"up":{"uv":[10.5,1.0,9.5,0.0],"rotation":0,"texture":"#0","tintindex":0}}},{"from":[7.724806,-1.7420864,7.2294397],"to":[10.4768,-1.1916857,9.981434],"rotation":{"angle":0.0,"axis":"y","origin":[9.100805,3.76192,8.330246]},"faces":{"south":{"uv":[14.25,6.5,15.5,6.75],"rotation":0,"texture":"#0","tintindex":0},"north":{"uv":[11.75,6.5,13.0,6.75],"rotation":0,"texture":"#0","tintindex":0},"down":{"uv":[14.25,5.25,13.0,6.5],"rotation":0,"texture":"#0","tintindex":0},"east":{"uv":[10.5,6.5,11.75,6.75],"rotation":0,"texture":"#0","tintindex":0},"west":{"uv":[13.0,6.5,14.25,6.75],"rotation":0,"texture":"#0","tintindex":0},"up":{"uv":[13.0,6.5,11.75,5.25],"rotation":0,"texture":"#0","tintindex":0}}},{"from":[7.8623943,-7.796481,8.055035],"to":[8.9632,-2.2924862,9.15584],"rotation":{"angle":0.0,"axis":"y","origin":[8.275194,-5.319681,8.055035]},"faces":{"south":{"uv":[1.5,10.0,2.0,12.5],"rotation":0,"texture":"#0","tintindex":0},"north":{"uv":[0.5,10.0,1.0,12.5],"rotation":0,"texture":"#0","tintindex":0},"down":{"uv":[1.5,9.5,1.0,10.0],"rotation":0,"texture":"#0","tintindex":0},"east":{"uv":[0.0,10.0,0.5,12.5],"rotation":0,"texture":"#0","tintindex":0},"west":{"uv":[1.0,10.0,1.5,12.5],"rotation":0,"texture":"#0","tintindex":0},"up":{"uv":[1.0,10.0,0.5,9.5],"rotation":0,"texture":"#0","tintindex":0}}},{"from":[7.8623943,-8.897285,7.5046344],"to":[8.9632,-7.796481,9.15584],"rotation":{"angle":0.0,"axis":"y","origin":[8.275194,-5.870081,8.055035]},"faces":{"south":{"uv":[12.0,10.25,12.5,10.75],"rotation":0,"texture":"#0","tintindex":0},"north":{"uv":[10.75,10.25,11.25,10.75],"rotation":0,"texture":"#0","tintindex":0},"down":{"uv":[11.75,9.5,11.25,10.25],"rotation":0,"texture":"#0","tintindex":0},"east":{"uv":[10.0,10.25,10.75,10.75],"rotation":0,"texture":"#0","tintindex":0},"west":{"uv":[11.25,10.25,12.0,10.75],"rotation":0,"texture":"#0","tintindex":0},"up":{"uv":[11.25,10.25,10.75,9.5],"rotation":0,"texture":"#0","tintindex":0}}},{"from":[9.238395,-8.897285,7.5046344],"to":[10.3392,-7.796481,9.15584],"rotation":{"angle":0.0,"axis":"y","origin":[9.9264,-5.870081,8.055035]},"faces":{"south":{"uv":[12.5,10.25,12.0,10.75],"rotation":0,"texture":"#0","tintindex":0},"north":{"uv":[11.25,10.25,10.75,10.75],"rotation":0,"texture":"#0","tintindex":0},"down":{"uv":[11.25,9.5,11.75,10.25],"rotation":0,"texture":"#0","tintindex":0},"east":{"uv":[12.0,10.25,11.25,10.75],"rotation":0,"texture":"#0","tintindex":0},"west":{"uv":[10.75,10.25,10.0,10.75],"rotation":0,"texture":"#0","tintindex":0},"up":{"uv":[10.75,10.25,11.25,9.5],"rotation":0,"texture":"#0","tintindex":0}}},{"from":[9.238395,-7.796481,8.055035],"to":[10.3392,-2.2924862,9.15584],"rotation":{"angle":0.0,"axis":"y","origin":[9.9264,-5.319681,8.055035]},"faces":{"south":{"uv":[2.0,10.0,1.5,12.5],"rotation":0,"texture":"#0","tintindex":0},"north":{"uv":[1.0,10.0,0.5,12.5],"rotation":0,"texture":"#0","tintindex":0},"down":{"uv":[1.0,9.5,1.5,10.0],"rotation":0,"texture":"#0","tintindex":0},"east":{"uv":[1.5,10.0,1.0,12.5],"rotation":0,"texture":"#0","tintindex":0},"west":{"uv":[0.5,10.0,0.0,12.5],"rotation":0,"texture":"#0","tintindex":0},"up":{"uv":[0.5,10.0,1.0,9.5],"rotation":0,"texture":"#0","tintindex":0}}},{"from":[9.192188,1.4877486,6.21724],"to":[10.843394,3.1389427,7.86844],"rotation":{"angle":0.0,"axis":"y","origin":[9.100805,2.0381484,7.1997943]},"faces":{"south":{"uv":[8.0,10.25,7.25,11.0],"rotation":0,"texture":"#0","tintindex":0},"north":{"uv":[6.5,10.25,5.75,11.0],"rotation":0,"texture":"#0","tintindex":0},"down":{"uv":[6.5,9.5,7.25,10.25],"rotation":0,"texture":"#0","tintindex":0},"east":{"uv":[7.25,10.25,6.5,11.0],"rotation":0,"texture":"#0","tintindex":0},"west":{"uv":[5.75,10.25,5.0,11.0],"rotation":0,"texture":"#0","tintindex":0},"up":{"uv":[5.75,10.25,6.5,9.5],"rotation":0,"texture":"#0","tintindex":0}}},{"from":[9.651206,5.1104,5.71584],"to":[10.751994,6.2112055,5.71584],"rotation":{"angle":0.0,"axis":"y","origin":[10.4768,5.7984056,5.71584]},"faces":{"south":{"uv":[5.0,11.0,5.5,11.5],"rotation":0,"texture":"#0","tintindex":0},"north":{"uv":[4.5,11.0,5.0,11.5],"rotation":0,"texture":"#0","tintindex":0},"down":{"uv":[5.5,11.0,5.0,11.0],"rotation":0,"texture":"#0","tintindex":0},"east":{"uv":[4.5,11.0,4.5,11.5],"rotation":0,"texture":"#0","tintindex":0},"west":{"uv":[5.0,11.0,5.0,11.5],"rotation":0,"texture":"#0","tintindex":0},"up":{"uv":[5.0,11.0,4.5,11.0],"rotation":0,"texture":"#0","tintindex":0}}},{"from":[9.376,6.0736,5.578234],"to":[12.128006,6.624,5.578234],"rotation":{"angle":0.0,"axis":"y","origin":[9.376,8.0,8.055035]},"faces":{"south":{"uv":[13.5,2.25,12.25,2.5],"rotation":0,"texture":"#0","tintindex":0},"north":{"uv":[12.25,2.25,11.0,2.5],"rotation":0,"texture":"#0","tintindex":0},"down":{"uv":[12.25,2.25,13.5,2.25],"rotation":0,"texture":"#0","tintindex":0},"east":{"uv":[12.25,2.25,12.25,2.5],"rotation":0,"texture":"#0","tintindex":0},"west":{"uv":[11.0,2.25,11.0,2.5],"rotation":0,"texture":"#0","tintindex":0},"up":{"uv":[11.0,2.25,12.25,2.25],"rotation":0,"texture":"#0","tintindex":0}}},{"from":[6.33664,-1.9984465,7.9174457],"to":[7.437434,3.5055542,9.018234],"rotation":{"angle":0.0,"axis":"y","origin":[6.8870344,0.75355387,8.467834]},"faces":{"south":{"uv":[1.5,13.0,2.0,15.5],"rotation":0,"texture":"#0","tintindex":0},"north":{"uv":[0.5,13.0,1.0,15.5],"rotation":0,"texture":"#0","tintindex":0},"down":{"uv":[1.5,12.5,1.0,13.0],"rotation":0,"texture":"#0","tintindex":0},"east":{"uv":[0.0,13.0,0.5,15.5],"rotation":0,"texture":"#0","tintindex":0},"west":{"uv":[1.0,13.0,1.5,15.5],"rotation":0,"texture":"#0","tintindex":0},"up":{"uv":[1.0,13.0,0.5,12.5],"rotation":0,"texture":"#0","tintindex":0}}},{"from":[10.76416,-1.9984465,7.9174457],"to":[11.864965,3.5055542,9.018234],"rotation":{"angle":0.0,"axis":"y","origin":[11.31456,0.75355387,8.467834]},"faces":{"south":{"uv":[2.0,13.0,1.5,15.5],"rotation":0,"texture":"#0","tintindex":0},"north":{"uv":[1.0,13.0,0.5,15.5],"rotation":0,"texture":"#0","tintindex":0},"down":{"uv":[1.0,12.5,1.5,13.0],"rotation":0,"texture":"#0","tintindex":0},"east":{"uv":[1.5,13.0,1.0,15.5],"rotation":0,"texture":"#0","tintindex":0},"west":{"uv":[0.5,13.0,0.0,15.5],"rotation":0,"texture":"#0","tintindex":0},"up":{"uv":[0.5,13.0,1.0,12.5],"rotation":0,"texture":"#0","tintindex":0}}},{"from":[7.724806,-7.2460804,7.9174457],"to":[9.100805,-6.695675,9.293446],"rotation":{"angle":0.0,"axis":"y","origin":[9.100805,-8.897285,8.330246]},"faces":{"south":{"uv":[3.5,15.75,4.0,16.0],"rotation":0,"texture":"#0","tintindex":0},"north":{"uv":[2.5,15.75,3.0,16.0],"rotation":0,"texture":"#0","tintindex":0},"down":{"uv":[3.5,15.25,3.0,15.75],"rotation":0,"texture":"#0","tintindex":0},"east":{"uv":[2.0,15.75,2.5,16.0],"rotation":0,"texture":"#0","tintindex":0},"west":{"uv":[3.0,15.75,3.5,16.0],"rotation":0,"texture":"#0","tintindex":0},"up":{"uv":[3.0,15.75,2.5,15.25],"rotation":0,"texture":"#0","tintindex":0}}},{"from":[9.100805,-7.2460804,7.9174457],"to":[10.4768,-6.695675,9.293446],"rotation":{"angle":0.0,"axis":"y","origin":[9.100805,-8.897285,8.330246]},"faces":{"south":{"uv":[4.0,15.75,3.5,16.0],"rotation":0,"texture":"#0","tintindex":0},"north":{"uv":[3.0,15.75,2.5,16.0],"rotation":0,"texture":"#0","tintindex":0},"down":{"uv":[3.0,15.25,3.5,15.75],"rotation":0,"texture":"#0","tintindex":0},"east":{"uv":[3.5,15.75,3.0,16.0],"rotation":0,"texture":"#0","tintindex":0},"west":{"uv":[2.5,15.75,2.0,16.0],"rotation":0,"texture":"#0","tintindex":0},"up":{"uv":[2.5,15.75,3.0,15.25],"rotation":0,"texture":"#0","tintindex":0}}},{"from":[8.825594,4.33984,5.7984056],"to":[9.376,4.8902397,5.7984056],"rotation":{"angle":0.0,"axis":"y","origin":[8.0,8.0,8.0]},"faces":{"south":{"uv":[11.75,4.0,12.0,4.25],"rotation":0,"texture":"#0","tintindex":0},"north":{"uv":[11.5,4.0,11.75,4.25],"rotation":0,"texture":"#0","tintindex":0},"down":{"uv":[12.0,4.0,11.75,4.0],"rotation":0,"texture":"#0","tintindex":0},"east":{"uv":[11.5,4.0,11.5,4.25],"rotation":0,"texture":"#0","tintindex":0},"west":{"uv":[11.75,4.0,11.75,4.25],"rotation":0,"texture":"#0","tintindex":0},"up":{"uv":[11.75,4.0,11.5,4.0],"rotation":0,"texture":"#0","tintindex":0}}}],"textures":{"0":"modelengine:entity/capuchino"},"display":{"head":{"translation":[0.0,-6.4,0.0],"scale":[4.0,4.0,4.0]}}}