{"elements":[{"from":[6.5428243,5.8194284,7.983392],"to":[9.536785,10.010971,7.983392],"rotation":{"angle":0.0,"axis":"y","origin":[8.3392,5.8194284,8.6992]},"faces":{"north":{"uv":[5.25,0.0,5.875,0.875],"rotation":0,"texture":"#0","tintindex":0},"down":{"uv":[0.0,0.0,5.0,0.0],"rotation":0,"texture":"#0","tintindex":0},"east":{"uv":[0.0,0.0,0.0,7.0],"rotation":0,"texture":"#0","tintindex":0},"west":{"uv":[0.0,0.0,0.0,7.0],"rotation":0,"texture":"#0","tintindex":0},"up":{"uv":[0.0,0.0,5.0,0.0],"rotation":0,"texture":"#0","tintindex":0}}}],"textures":{"0":"modelengine:entity/texture_ghost"},"display":{"head":{"translation":[0.0,-6.4,0.0],"scale":[4.0,4.0,4.0]}}}