{"elements":[{"from":[6.721077,5.8228903,8.1641655],"to":[9.715037,10.014433,8.1641655],"rotation":{"angle":0.0,"axis":"y","origin":[8.218058,7.9186616,8.218058]},"faces":{"north":{"uv":[5.25,0.0,5.875,0.875],"rotation":0,"texture":"#0","tintindex":0},"down":{"uv":[0.0,0.0,5.0,0.0],"rotation":0,"texture":"#0","tintindex":0},"east":{"uv":[0.0,0.0,0.0,7.0],"rotation":0,"texture":"#0","tintindex":0},"west":{"uv":[0.0,0.0,0.0,7.0],"rotation":0,"texture":"#0","tintindex":0},"up":{"uv":[0.0,0.0,5.0,0.0],"rotation":0,"texture":"#0","tintindex":0}}}],"textures":{"0":"modelengine:entity/texture_ghost"},"display":{"head":{"translation":[0.0,-6.4,0.0],"scale":[4.0,4.0,4.0]}}}