{"elements":[{"from":[4.504163,1.4132891,4.504163],"to":[11.689666,9.197584,11.689666],"rotation":{"angle":0.0,"axis":"y","origin":[8.096914,9.197584,4.504163]},"faces":{"south":{"uv":[1.5,5.75,3.0,7.375],"rotation":0,"texture":"#0","tintindex":0},"north":{"uv":[3.0,5.75,4.5,7.375],"rotation":0,"texture":"#0","tintindex":0},"down":{"uv":[4.5,4.25,3.0,5.75],"rotation":0,"texture":"#0","tintindex":0},"east":{"uv":[0.0,5.75,1.5,7.375],"rotation":0,"texture":"#0","tintindex":0},"west":{"uv":[4.5,5.75,6.0,7.375],"rotation":0,"texture":"#0","tintindex":0},"up":{"uv":[3.0,5.75,1.5,4.25],"rotation":0,"texture":"#0","tintindex":0}}}],"textures":{"0":"modelengine:entity/texture_ghost"},"display":{"head":{"translation":[0.0,-6.4,0.0],"scale":[4.0,4.0,4.0]}}}